lr_predicted_values,lr_predicted_probas,rfc_predicted_values,rfc_predicted_probas
0,0.7745177060717594,0,0.8474999999999998
0,0.7338392647233063,0,0.7216666666666667
0,0.9820303294648851,0,0.7433333333333333
0,0.5206987862467967,0,0.7158333333333334
0,0.9061213711945568,0,0.71
1,0.3550748397404696,0,0.7408333333333332
0,0.9880989767496074,0,0.7016666666666665
0,0.9999998871331208,0,0.6275
0,0.9651070894177747,0,0.6658333333333334
0,0.6177190066238984,0,0.6483333333333333
0,0.8340045672899248,0,0.6308333333333332
0,0.8453424244718045,0,0.7549999999999999
0,0.9162804766615106,0,0.8474999999999998
1,0.37682228561108133,0,0.6258333333333334
0,0.6450515390301487,0,0.5466666666666667
0,0.9999973614366275,0,0.8199999999999998
1,0.4072087057612883,0,0.6416666666666666
1,0.3571372871539652,0,0.7325
1,1.2483466844681601e-05,0,0.5175000000000001
0,0.9999999999999865,0,0.7825
0,0.9999999999999856,0,0.8541666666666665
1,0.08311948497293875,0,0.6466666666666666
0,0.9028390303633823,0,0.6191666666666668
0,0.9985868373761826,0,0.74
1,0.08143324151459685,0,0.6341666666666668
0,0.8596015512113269,0,0.7233333333333334
1,0.1081771645447539,0,0.51
0,0.8417801604772043,0,0.8474999999999998
1,0.00019486056329465207,1,0.3866666666666667
1,0.010430764794718606,0,0.5391666666666667
1,0.034281225859848496,1,0.45083333333333336
1,0.013880019406881328,1,0.4200000000000001
0,0.9999991723874858,0,0.7108333333333334
1,0.000934340701815084,0,0.8233333333333333
0,0.7775883050610181,0,0.7874999999999999
0,1.0,0,0.8541666666666665
1,0.06133666253086856,0,0.5624999999999999
1,0.004836360009976559,1,0.44416666666666665
0,0.70544622590764,0,0.6825
1,0.047141662894131575,1,0.4733333333333334
1,0.010035509351057681,0,0.7016666666666667
0,0.9999955280719587,0,0.7891666666666666
0,0.9999962349481116,0,0.8083333333333332
0,0.9999922204375257,0,0.7083333333333335
0,0.5309405197289767,0,0.6000000000000001
1,0.039533787511123464,0,0.6491666666666666
1,0.005273780636644521,1,0.4541666666666667
0,0.9985076383491454,0,0.6116666666666667
0,0.9407100111395453,0,0.7408333333333335
1,0.02583485842069788,0,0.6825
1,0.00010780902427254269,0,0.5183333333333333
0,0.9994180981803367,0,0.6141666666666666
0,0.7743885407115788,0,0.8474999999999998
0,0.5037390513098434,0,0.6416666666666666
0,1.0,0,0.8541666666666665
1,0.10086849403040588,0,0.6783333333333332
0,0.9997759290349296,0,0.7958333333333334
0,0.7724513464716433,0,0.8474999999999998
0,0.9162804766615106,0,0.8474999999999998
0,0.9999984214791766,0,0.7283333333333333
1,0.03475913120249008,0,0.5083333333333334
0,0.7742593229256969,0,0.8474999999999998
1,0.10594689003467639,0,0.6591666666666666
1,0.4311478496041581,0,0.5100000000000001
1,0.10231828923213115,0,0.6466666666666666
0,0.9988920022259035,0,0.7658333333333335
0,0.9999999987022472,0,0.78
0,0.9985462044287553,0,0.8341666666666666
1,0.01834560224886983,1,0.44916666666666666
0,0.7743885407115788,0,0.8474999999999998
0,0.7201048462345547,0,0.6791666666666667
1,0.4357806372825388,0,0.5616666666666666
0,0.9984036933207912,0,0.7558333333333332
1,0.0007333282326456025,0,0.6366666666666666
1,0.0009380311339171055,0,0.5141666666666667
0,0.8609090148730034,0,0.7708333333333335
0,0.9999994149411576,0,0.7816666666666666
0,0.9444847739484471,0,0.7008333333333334
0,0.9330776165616964,0,0.6199999999999999
1,0.12090090251834396,0,0.5233333333333333
0,0.9850123261558241,0,0.725
0,0.5643063681773705,0,0.7491666666666668
0,0.9916997781726706,0,0.7325
0,0.9952577664058258,0,0.6975
0,0.9999999999999923,0,0.7591666666666668
0,0.9872718323569682,0,0.7408333333333332
1,0.015177355897226685,0,0.595
1,0.0014797322709236838,0,0.5141666666666667
1,0.033305731282640694,0,0.5391666666666667
0,0.737509572400739,0,0.6666666666666667
1,0.027494977345690175,0,0.6325
1,0.010780170689588697,1,0.40833333333333344
0,0.9240977427582153,0,0.8075
0,0.9685609346043799,0,0.6716666666666667
0,0.8362102883110301,0,0.6841666666666666
0,0.9821837307006188,0,0.7625
1,0.02464096635209878,1,0.4491666666666667
1,0.43648311423696773,0,0.7591666666666665
1,0.01925610083957552,0,0.5541666666666667
1,0.06793998321840422,1,0.4358333333333333
0,1.0,0,0.78
1,0.04846735553887005,0,0.5216666666666666
0,0.9999962529613422,0,0.8099999999999998
1,0.17370718574255106,0,0.5383333333333333
1,0.1323221602645649,0,0.5616666666666665
0,0.7248140433971615,0,0.7133333333333333
0,0.7669956560460135,0,0.8308333333333333
1,8.072084940635715e-05,0,0.5041666666666667
1,0.11004055974006188,0,0.6099999999999999
1,0.11414201175013905,0,0.6508333333333333
1,0.17940112721540757,0,0.7758333333333334
1,0.0001447185472300827,1,0.3725
1,0.004944924513692439,0,0.5483333333333333
0,0.7599551215552403,0,0.6916666666666665
1,5.5421149894985255e-05,1,0.3758333333333333
1,0.07763016299408498,1,0.47583333333333333
0,0.9938742285012849,0,0.7391666666666667
0,0.6142678812674542,0,0.7475
0,0.9723654874508172,0,0.8474999999999998
0,0.999205657956428,0,0.6925
1,0.17540338154203883,0,0.56
0,0.9186252524735499,0,0.655
1,0.010724143894070282,0,0.5108333333333334
0,0.9365541049461308,0,0.7333333333333334
1,0.2492199784771817,0,0.665
0,0.999999999994714,0,0.6483333333333334
1,0.3921714279925752,0,0.5958333333333333
0,0.7742593229256969,0,0.8474999999999998
1,0.02928305717442725,0,0.5641666666666666
0,0.7548681771287686,0,0.7075
0,0.9999999456416114,0,0.6875
1,0.019957678063273865,1,0.4483333333333333
1,0.0038881052275689942,0,0.6225
0,0.9999999994702888,0,0.7675
0,0.9999999999977389,0,0.7758333333333334
1,0.15075733590639695,0,0.7141666666666666
1,0.04757913049473972,0,0.5283333333333333
0,0.9947718864762263,0,0.7258333333333333
1,0.3189185321190712,0,0.7408333333333332
1,0.004206471178887505,1,0.40583333333333327
1,0.16575727506780968,0,0.7758333333333334
1,0.005575478587502403,1,0.4616666666666667
0,0.8463338636264619,0,0.81
0,0.9998786544667554,0,0.6866666666666665
0,0.9029343792179532,0,0.6291666666666668
1,0.279723772936894,0,0.6066666666666667
0,0.6604293891647417,0,0.5833333333333334
0,0.89803486445483,0,0.7191666666666666
0,0.9864602958706026,0,0.62
1,0.3986663710755236,0,0.6
0,0.9999999543485893,0,0.7425
1,0.012021501792796485,1,0.41583333333333333
1,0.01956967351925376,1,0.3766666666666667
1,0.08623526863146913,0,0.6925
0,0.9718573847999102,0,0.7133333333333333
0,0.6508759899853873,0,0.7058333333333334
0,0.9088293525073684,0,0.7308333333333333
1,0.03915954734819793,0,0.6125
1,0.05880420401052755,0,0.5816666666666667
0,0.9999899642239005,0,0.8008333333333333
1,0.2929723712152582,0,0.63
1,0.015100145187389336,0,0.6833333333333332
1,0.11526951735475355,0,0.5616666666666666
0,0.9961979790340459,0,0.6858333333333334
1,0.25688419495552073,0,0.5433333333333333
0,0.8455622795914959,0,0.6391666666666667
1,0.22415338157992581,0,0.7225
0,0.8189156465825336,0,0.7308333333333333
0,0.9988108775177768,0,0.6883333333333332
1,0.0008315323564873633,1,0.39583333333333337
0,0.9789001428177881,0,0.705
0,0.9999129362523435,0,0.6941666666666667
1,0.3839437577527991,0,0.7633333333333333
0,0.8864380255456756,0,0.7233333333333333
1,0.06555062756062813,0,0.6058333333333333
0,0.9999999995273142,0,0.7308333333333333
1,0.014293695926283934,1,0.39833333333333326
0,0.9999998165763083,0,0.6541666666666667
0,1.0,0,0.8541666666666665
1,0.15316763272196932,0,0.6833333333333335
0,0.9999997610656512,0,0.7183333333333333
0,0.9995753092579478,0,0.6966666666666665
0,0.992423394286336,0,0.7558333333333335
0,0.9708803929189651,0,0.7
1,0.028511800115104013,0,0.7575
0,0.6031422656963203,0,0.7658333333333335
0,0.9997873382535704,0,0.7033333333333333
0,0.7596203513545869,0,0.8374999999999999
0,0.9502299422492644,0,0.7066666666666666
0,0.9999991598397451,0,0.7491666666666665
1,0.23622608103567133,0,0.605
0,0.9999916411793143,0,0.6566666666666666
1,0.0007875549384107616,1,0.3925
0,0.7272385246831216,0,0.7333333333333334
0,0.6325089917394784,0,0.7225
0,0.9116703643342432,0,0.6366666666666666
0,0.9598238979979581,0,0.6875
0,0.9999999898785966,0,0.8574999999999998
0,0.9999947466442378,0,0.7941666666666667
0,0.9862847493028474,0,0.7958333333333333
0,1.0,0,0.8541666666666665
0,0.7741300527175392,0,0.8474999999999998
0,0.9986432697409048,0,0.69
0,1.0,0,0.8541666666666665
0,0.9974464918112761,0,0.8474999999999998
0,0.857176564530825,0,0.6658333333333334
0,0.9210537217818832,0,0.6741666666666666
0,0.8781423045219302,0,0.7966666666666665
0,0.9999899236804449,0,0.8341666666666666
1,0.03393143949109301,0,0.625
0,0.6888956757744684,0,0.7008333333333333
1,0.16257605344585468,1,0.48083333333333345
0,0.7097019644465091,0,0.6725
0,0.9888198343387006,0,0.8158333333333333
0,0.517120991845218,0,0.5683333333333332
0,0.7719857994072694,0,0.8308333333333333
0,0.9432346025046354,0,0.7424999999999998
0,0.994269819088977,0,0.7541666666666665
0,0.9926344792978279,0,0.69
0,0.9831041220973082,0,0.7383333333333333
0,0.6559205694037512,0,0.78
1,0.0002546355045318638,1,0.44166666666666665
1,0.10756325676830059,1,0.4933333333333334
1,0.44492975824601555,0,0.7033333333333333
1,0.00025776334475102747,1,0.45166666666666666
0,0.9892281718900074,0,0.805
1,0.05520894898498441,0,0.5516666666666667
0,0.9956003559362714,0,0.7791666666666666
0,0.9672374825660186,0,0.78
0,0.9999970434211123,0,0.6333333333333333
0,0.9996646852636717,0,0.7833333333333334
0,0.9846545438450388,0,0.7041666666666666
0,0.9999200240378169,0,0.6916666666666668
0,0.9663251203021127,0,0.7733333333333334
0,0.9540421494896688,0,0.7408333333333332
0,0.8148620798522657,0,0.7758333333333334
0,0.8261334753535852,0,0.8399999999999999
0,0.9999999999999994,0,0.745
1,0.047653895515974654,0,0.5216666666666666
1,0.08310254359654978,0,0.5658333333333333
0,0.8383374277375494,0,0.7141666666666666
1,0.0013561473926522183,1,0.46666666666666673
1,0.13442943859009526,1,0.49583333333333335
1,0.12529774790436243,0,0.6741666666666666
0,0.8162406178600694,0,0.7141666666666667
0,0.9964769855115444,0,0.805
0,0.9999999997384088,0,0.7441666666666665
1,0.12300476739192745,0,0.5508333333333333
0,0.9036321907050335,0,0.7475
0,0.9536512894043017,0,0.7008333333333334
0,0.9999933567057797,0,0.6808333333333333
1,0.1256440752500989,0,0.5441666666666667
0,1.0,0,0.78
0,0.9162804766615106,0,0.8474999999999998
0,0.8183913876471577,0,0.8175
0,0.7261527186852905,0,0.6891666666666666
0,0.6854302079286387,0,0.7358333333333335
1,5.071499628028775e-07,0,0.5808333333333333
1,0.17803824338662844,0,0.56
0,0.9997054121806143,0,0.7808333333333333
1,0.0822580735642282,0,0.6858333333333333
0,0.9653944793631769,0,0.735
0,0.8264395389592357,0,0.6991666666666667
0,0.7694140429373885,0,0.6683333333333334
1,0.0171956278607186,0,0.6566666666666666
1,0.44787892784247185,0,0.6875
1,0.0008725161091739375,1,0.36583333333333334
0,0.9524603509322176,0,0.7258333333333333
0,0.9999993920180112,0,0.7516666666666666
0,1.0,0,0.8541666666666665
1,0.25037418583241466,0,0.6941666666666666
0,0.9999991139848974,0,0.8274999999999999
0,0.7741300527175392,0,0.8474999999999998
0,0.7590533992107824,0,0.7158333333333333
0,0.9999999979575785,0,0.7416666666666667
0,0.9999994333556298,0,0.7424999999999998
1,0.1402794759056113,1,0.4658333333333334
0,0.9782430660351901,0,0.7358333333333333
0,0.6425732312528123,0,0.6966666666666665
0,0.9999943078104847,0,0.6975
0,0.9935247075952107,0,0.7508333333333332
1,0.3998053281637086,0,0.565
0,0.7743885407115788,0,0.8474999999999998
0,0.8465732952816895,0,0.7533333333333333
1,0.32759009351835133,0,0.5966666666666666
0,0.9220381348580093,0,0.7525
0,0.9999478602386049,0,0.81
1,0.018289740986643932,0,0.6475
0,0.9878179872607229,0,0.7708333333333333
1,0.45959940198682026,0,0.615
0,0.9901890965766005,0,0.65
1,0.3366100433052116,0,0.6591666666666667
0,0.9799944228680836,0,0.6225
0,0.8647579085910494,0,0.6625
1,0.021081019589986427,0,0.5983333333333334
1,0.015370424680054895,0,0.5158333333333334
0,0.9999999887855862,0,0.7249999999999999
0,0.9999999999484194,0,0.6458333333333333
0,0.9359499940108278,0,0.81
0,0.9240061613961864,0,0.7516666666666666
0,0.9504982823338692,0,0.7775
1,0.16959746900519523,0,0.5841666666666666
0,0.7262250347350627,0,0.6124999999999999
0,0.6345382955797663,0,0.71
0,0.9985089500422772,0,0.8041666666666667
0,0.9999999983409327,0,0.8258333333333333
1,0.19863954536638684,0,0.6358333333333334
1,0.18877930043844526,0,0.5033333333333334
1,0.39583831685332194,0,0.5175
0,0.9999999987963198,0,0.6941666666666666
1,0.00030774152984014425,1,0.40583333333333327
0,0.891719384264651,0,0.6225
1,0.039223921278980334,0,0.545
1,0.009267958856254088,0,0.5666666666666667
0,0.9863733667927219,0,0.7041666666666666
0,0.9105055691870068,0,0.69
0,0.915427503812276,0,0.7983333333333335
1,0.004888611666609033,0,0.5683333333333332
1,0.019322971920537224,0,0.6608333333333333
0,0.5364924377516526,0,0.7608333333333335
0,0.6120711137250847,0,0.7675
0,0.9791246147858634,0,0.7066666666666666
0,0.8975893447851949,0,0.6725
0,0.7745177060717594,0,0.8474999999999998
0,0.9980320615601431,0,0.7408333333333332
1,0.01980172712419903,0,0.5008333333333334
1,0.059721975163562036,0,0.5475
1,0.1696827600866515,0,0.5516666666666666
1,0.060824479253265284,0,0.5624999999999999
0,0.5693165503020707,0,0.7533333333333333
0,0.8738445042176848,0,0.7258333333333333
0,0.9999999999999997,0,0.6883333333333335
1,0.016645766300632192,1,0.42833333333333334
0,0.9620288370113544,0,0.7608333333333335
0,0.9999404134627441,0,0.7291666666666667
1,0.03637693794570096,1,0.4183333333333333
0,0.9607229138311404,0,0.7591666666666665
1,0.0001282498563478507,1,0.40583333333333327
0,0.6753508618183663,0,0.7175
0,0.8362567706485154,0,0.7758333333333334
0,0.5387206045558661,0,0.7091666666666667
0,0.9162804766615106,0,0.8474999999999998
0,0.9952529172074274,0,0.6983333333333333
0,0.9775638717332947,0,0.6208333333333332
0,0.502600291914111,0,0.7325
0,0.517120991845218,0,0.5683333333333332
0,1.0,0,0.8541666666666665
0,0.9999957941845581,0,0.8541666666666665
1,0.043668680860220244,0,0.5375
1,0.02063533491011027,0,0.5325
0,0.8734113125375313,0,0.8208333333333333
1,0.36932076373207445,0,0.7241666666666666
0,0.9999978306422477,0,0.6491666666666666
0,0.9617808853248182,0,0.785
0,0.9999680414378325,0,0.7633333333333333
1,0.37215294246086994,0,0.5033333333333334
0,0.9999944597332784,0,0.7741666666666667
1,0.006965166747861962,1,0.435
1,0.16638811559930622,0,0.655
0,0.5322966451261439,0,0.5641666666666666
0,0.9999999999998581,0,0.7691666666666667
1,0.14351926592091013,0,0.5774999999999999
1,0.3720868518127163,0,0.5033333333333334
0,0.9957580247155379,0,0.8158333333333333
0,0.9942322701796493,0,0.6691666666666666
0,0.8344190409715743,0,0.7783333333333333
0,0.997260436590801,0,0.6683333333333333
0,0.9999327906849196,0,0.7508333333333332
0,0.553148089317135,0,0.6166666666666667
0,0.8107642923207646,0,0.6825
1,0.17241214062094368,0,0.505
1,0.12494253238168174,0,0.5033333333333334
0,0.9963064583661134,0,0.7308333333333333
1,0.24469296692774645,0,0.5466666666666667
0,0.927638298357364,0,0.6716666666666665
0,0.7653816044398921,0,0.6691666666666666
0,0.9998826624218087,0,0.7075
0,0.9999948319408803,0,0.8041666666666666
1,0.012403332114548582,0,0.6233333333333333
0,0.9998500501688943,0,0.7491666666666668
1,0.11006826430337402,0,0.6099999999999999
1,0.17851423317586312,0,0.56
1,0.4525679851456663,0,0.6133333333333334
0,0.9997049278762403,0,0.7666666666666666
1,0.033563575718423944,1,0.38833333333333336
0,0.9999999999834817,0,0.7741666666666666
1,0.22168950134283216,0,0.6925
0,0.9999990689999296,0,0.8141666666666666
0,0.9999597202286012,0,0.7925
0,0.7545818547991473,0,0.6991666666666666
0,0.9999999946396714,0,0.7858333333333333
0,0.7747758795014731,0,0.8474999999999998
1,0.2681142918976106,0,0.5033333333333334
1,0.33258547696568963,0,0.6558333333333333
0,1.0,0,0.8541666666666665
1,0.49323406629216215,0,0.6516666666666666
0,0.7897562977966441,0,0.8058333333333334
1,0.07164973120568097,0,0.6133333333333334
0,0.9024920546991704,0,0.6566666666666667
0,0.9975765380874762,0,0.8066666666666665
1,0.00017344514937345235,1,0.3725
0,0.9999999992720445,0,0.7641666666666667
0,0.9999971422592867,1,0.4566666666666667
1,0.15075733590639695,0,0.7141666666666666
1,0.02031039790907241,0,0.5083333333333333
1,0.0010607526973254178,1,0.4883333333333333
0,0.9999955839363666,0,0.8175
1,0.05458905757790711,0,0.5266666666666667
1,0.017756972449133213,0,0.61
1,0.31493162008265885,0,0.6375
0,1.0,0,0.8541666666666665
1,0.41871223539612035,0,0.7275
1,0.2040200340603131,0,0.5658333333333333
0,0.9518651987805178,0,0.7141666666666666
0,0.835260035539833,0,0.8474999999999998
1,0.0013293666402636184,1,0.42333333333333334
0,0.8442762692299115,0,0.73
0,0.9999999920116028,0,0.8474999999999998
0,0.9996999795729031,0,0.6808333333333334
1,0.07663682807687733,0,0.6416666666666667
0,0.9028345363343242,0,0.6983333333333335
1,0.019096057916830556,1,0.34166666666666673
0,0.8926310943268052,0,0.6641666666666666
0,0.7022102147271748,0,0.7033333333333333
0,0.999474221051413,0,0.7375
0,1.0,0,0.8541666666666665
1,0.18861331134450543,1,0.485
1,1.1508673075311115e-05,0,0.6666666666666665
0,0.5154499344541175,0,0.6916666666666665
0,0.5966260698561063,0,0.7691666666666666
0,0.586970136409776,0,0.6675
1,0.04375339296803049,0,0.535
0,0.9980472223192685,0,0.7125
0,0.9999952963277647,0,0.6983333333333333
1,0.17057667312790414,0,0.5516666666666666
0,0.5353213050159213,0,0.5758333333333333
0,0.739079048946045,0,0.6925
0,0.9975891734774014,0,0.8008333333333332
1,0.007427332713537016,1,0.4883333333333333
0,0.6587905567466219,0,0.6866666666666665
0,0.7803799286578121,0,0.6241666666666668
0,0.7401057042476216,0,0.7166666666666666
1,0.12561226793879077,0,0.5533333333333332
1,0.24916845224762785,0,0.6816666666666665
0,0.7745177060717594,0,0.8474999999999998
1,0.13101368467177354,0,0.5841666666666666
0,0.867573413146308,0,0.7708333333333335
0,0.964505509474535,0,0.7716666666666667
0,0.9779270753263966,0,0.7933333333333333
1,0.1787045963456917,0,0.6
0,0.9390485070603664,0,0.6808333333333334
0,0.9999644169964105,0,0.7658333333333335
0,0.7520812913181099,0,0.6791666666666666
1,5.809217784591425e-07,1,0.4925
0,0.9999151130652574,0,0.7366666666666666
0,0.9745457044912187,0,0.7616666666666667
1,0.09644279702557734,0,0.5875
1,0.0006036810930757364,1,0.39583333333333337
1,6.792906150354661e-06,1,0.48333333333333334
1,0.02062390614881826,0,0.5833333333333334
1,0.01925679318892004,1,0.4483333333333333
1,0.008719372160282735,0,0.5316666666666666
0,0.9999823728632156,0,0.7666666666666667
0,0.7151481732425464,0,0.6525
1,0.027857747528667764,0,0.8133333333333335
0,0.9998149064582728,0,0.7658333333333333
1,0.051996591905216216,1,0.4175
1,0.12561226793879077,0,0.5533333333333332
1,0.09080683847786208,0,0.6475
1,0.3433063075239302,0,0.6358333333333334
0,0.9807411728419178,0,0.5941666666666666
0,0.9930592175931199,0,0.7725
0,0.9039489927064572,0,0.7391666666666667
0,0.999440864516414,0,0.7625
0,0.8931452865009966,0,0.8099999999999998
0,0.5022276134470198,0,0.6191666666666668
0,0.6111595624158298,0,0.6533333333333334
0,0.7533381468665575,0,0.6958333333333333
0,0.9337606081443561,0,0.6691666666666666
0,0.9999999999661519,0,0.7883333333333334
1,0.00030249768748658035,1,0.45833333333333337
0,0.8134120263240434,0,0.64
1,0.4424539987225933,0,0.5149999999999999
1,0.028686002822267853,0,0.525
1,0.0015646145289586189,0,0.5075
0,0.9915277158178043,0,0.6733333333333335
0,0.9969827766357975,0,0.7758333333333333
0,0.731155510336642,0,0.6883333333333332
0,0.9999999999971797,0,0.7691666666666667
0,0.9577837942619614,0,0.8258333333333333
1,0.00905255974111896,1,0.43416666666666665
1,0.004260526964806166,1,0.48333333333333345
1,0.09636240637083604,0,0.59
1,0.2935771142918593,0,0.6233333333333334
1,0.0912299971514593,0,0.6883333333333335
0,0.7151375925545778,0,0.63
0,0.9994601287053139,0,0.6933333333333332
1,0.23921683387330206,0,0.64
0,0.9937286988148036,0,0.8358333333333333
0,0.9514666144446209,0,0.8341666666666666
0,0.9922484115528498,0,0.705
0,0.8680986704585448,0,0.7375
0,0.5921842074776478,0,0.6141666666666666
1,0.3282235991893617,0,0.5566666666666666
0,0.5138754875786309,0,0.6791666666666666
1,0.056777728718105824,0,0.6675
1,0.13570004978818695,1,0.4975
1,0.01450404198741062,1,0.43
1,0.04169404244190411,1,0.455
1,0.00017749989259563392,1,0.3725
1,0.22077482177588703,0,0.5275
1,0.10855134442286696,1,0.4716666666666666
1,0.04281537721846351,0,0.5375
1,0.4062152355072499,0,0.5308333333333334
0,0.9999150447422774,0,0.6925
1,0.020464087950658127,0,0.655
1,0.20467347748823628,0,0.5658333333333333
0,0.7734758980733072,0,0.8041666666666666
1,0.02224958658984766,1,0.4058333333333334
1,0.15221398434730715,1,0.49
0,0.9788133046898517,0,0.7225
1,0.13927505817099028,0,0.6991666666666666
0,0.9999973524397731,0,0.8641666666666665
0,0.9242120835397653,0,0.7791666666666666
1,0.09327244476635788,0,0.7175
0,0.7727852594454814,0,0.8474999999999998
0,0.9985856820042063,0,0.7133333333333334
0,0.9999999649475595,0,0.8541666666666665
1,0.49377882282947516,0,0.6516666666666666
0,0.9623337602081001,0,0.6708333333333333
0,0.7272879617446537,0,0.6299999999999999
0,0.9908509766730367,0,0.6625
0,0.9923519743813947,0,0.6641666666666666
1,3.784323903122111e-05,1,0.49333333333333335
1,0.021461269043210773,1,0.39583333333333337
0,0.9999999999972273,0,0.6925
1,0.022948755454347602,1,0.4441666666666667
1,0.09174623597467002,0,0.6741666666666667
1,0.00031193945536978074,0,0.5091666666666668
0,0.9161862820910669,0,0.6991666666666666
1,0.16589243603448156,0,0.6408333333333335
0,0.974506861879405,0,0.7525
0,0.9831842793705617,0,0.7775
0,0.7294214835255894,0,0.73
1,0.005285172515874681,1,0.4166666666666666
1,0.31227177546017515,0,0.6016666666666667
1,0.011430588776685346,1,0.4591666666666667
1,0.22602008702128296,0,0.565
1,0.014263055602011354,1,0.43
1,0.26744119322415905,0,0.5608333333333334
0,0.8995657001730151,0,0.7475
0,0.7649186229048393,0,0.7475
1,0.10657104534426332,1,0.4275
0,0.999740856525993,0,0.7191666666666666
1,0.11506243694541585,0,0.5716666666666668
0,0.5799351033144967,0,0.7908333333333334
0,0.9993360008740377,0,0.8174999999999999
0,0.6034993677202187,0,0.7508333333333332
0,0.9991059888349548,0,0.795
0,0.9604770164722809,0,0.7191666666666666
1,0.05872046169324974,1,0.46666666666666673
0,0.7210911363411148,0,0.7683333333333333
0,0.6996546678132862,0,0.6399999999999999
0,0.6347300058362892,0,0.6925
0,0.9999999912350193,0,0.6833333333333335
1,0.10983994200339664,0,0.6441666666666666
1,0.37684876020776237,0,0.5033333333333334
0,1.0,0,0.8541666666666665
0,0.8882113841094632,0,0.7133333333333334
1,0.01441241911941149,0,0.52
1,0.30015175228517843,0,0.57
0,0.9999998547459782,0,0.6716666666666665
0,0.9262802016489382,0,0.7625
1,0.01154590246108067,1,0.40583333333333327
0,0.9493595608217583,0,0.7291666666666665
1,0.15028423690084325,1,0.4825
1,6.159871992483801e-07,0,0.5033333333333334
1,0.027513632980782132,1,0.465
1,0.04521505818021376,0,0.5191666666666667
0,0.7407662275154876,0,0.6416666666666666
0,0.9418052307622575,0,0.7708333333333333
0,0.9162804766615106,0,0.8474999999999998
1,0.007406235302631181,1,0.4883333333333333
0,0.9907027120897433,0,0.7741666666666667
1,0.17294787675103163,0,0.56
0,0.7939372655325996,0,0.7758333333333334
0,0.9939425661466906,0,0.6383333333333333
1,0.3143270820595331,0,0.6241666666666666
0,0.9257785829413834,0,0.6875
1,0.11067290782125705,0,0.7466666666666667
1,0.42592156783826984,0,0.68
1,0.46522243693432186,0,0.5591666666666666
1,0.002203251189206723,1,0.40833333333333327
1,0.06006337807544482,0,0.5800000000000001
0,0.7186896243526791,0,0.7841666666666666
1,0.4269251288032798,0,0.6983333333333335
0,0.7705707875984651,0,0.6941666666666667
0,0.9843812733674755,0,0.7708333333333333
0,0.7561951749911032,0,0.72
1,0.16144779834536505,1,0.4941666666666667
0,0.5950501671606985,0,0.6141666666666666
1,0.009351505238889835,1,0.3816666666666667
0,0.6338405928757871,0,0.7116666666666666
0,1.0,0,0.8541666666666665
1,0.07534137659301043,0,0.6525
1,0.004102200092387043,1,0.4475
0,0.9999994944593272,0,0.7441666666666668
1,0.00017749989259563392,1,0.3725
0,0.9999999955643177,0,0.7341666666666667
1,0.13977463061417028,0,0.7333333333333333
1,0.13150531008925692,1,0.5
0,0.9868067160078746,0,0.7341666666666665
0,0.8582958490681177,0,0.6966666666666665
0,0.9962525629352177,0,0.7758333333333334
1,0.14440230948628396,1,0.4875
0,0.9972992648525646,0,0.7083333333333333
0,0.9999995035807036,0,0.8183333333333332
0,0.9070033306010971,0,0.7558333333333332
0,0.7460339350102952,0,0.6583333333333333
1,0.0959987021756541,0,0.5558333333333333
1,0.08261757666972835,0,0.5208333333333334
1,0.10440973349575167,0,0.6
0,0.9162804766615106,0,0.8474999999999998
0,0.6860393993221814,0,0.7341666666666665
0,0.8336101549746224,0,0.6825
0,0.9976313416705684,0,0.6391666666666667
1,0.03319381931028109,1,0.45416666666666666
0,0.8509320429407854,0,0.6291666666666668
0,0.8878123210698968,0,0.7808333333333334
0,0.8136389971669147,0,0.7274999999999998
1,0.40060513210447257,0,0.565
1,0.0001791893042301096,1,0.3725
0,0.7969870503194145,0,0.7758333333333334
0,0.9999999999999674,0,0.78
0,0.7964541455344165,0,0.7025
1,0.015435186165669856,0,0.5441666666666667
0,1.0,0,0.8541666666666665
1,0.1264945319595211,0,0.59
0,0.941017527357837,0,0.6741666666666666
0,0.9999945609189536,0,0.5575
0,0.9999988241017129,0,0.7891666666666667
0,0.8142711819528321,0,0.745
0,0.893866819737321,0,0.7691666666666666
0,0.8258196413056823,0,0.8408333333333333
1,0.041119015837496,0,0.6975
0,0.999999995484503,0,0.81
0,0.6988792350317573,0,0.6575
0,0.9980039215011307,0,0.7266666666666666
1,0.047088938940486935,0,0.7558333333333335
1,0.3710137656990886,0,0.6975
1,0.042763760776840964,0,0.5375
1,0.17106641669417832,0,0.7408333333333332
0,0.9546818955707564,0,0.7408333333333335
1,0.012114707287206206,0,0.5141666666666667
0,0.9999892642065805,0,0.6941666666666666
0,0.9986657246789253,0,0.7591666666666668
0,0.999993016811274,0,0.6833333333333332
1,0.2748728535633024,0,0.6208333333333332
0,0.7818363079036049,0,0.8058333333333334
1,0.03948428256348846,1,0.44333333333333336
0,0.9999999990786579,0,0.7199999999999999
1,0.028915614475948037,1,0.4816666666666667
1,0.029784204234858946,1,0.4608333333333334
0,0.892988286495571,0,0.8099999999999998
0,0.9952530595476312,0,0.6941666666666666
0,0.7743885407115788,0,0.8474999999999998
1,0.4563362103127633,0,0.5908333333333334
1,0.015186855689877987,1,0.4099999999999999
0,0.7226027643639528,0,0.7433333333333333
0,0.9991040285721672,0,0.72
1,0.016645766300632192,1,0.42833333333333334
1,0.2752593428924116,0,0.6641666666666666
1,0.00888074902209579,0,0.6541666666666666
1,0.2913910672828134,0,0.5408333333333333
0,0.9875505543400598,0,0.7375
1,0.07811321956511674,1,0.47583333333333333
0,0.5526018759443044,0,0.7091666666666666
1,0.05701245990861936,0,0.5891666666666666
0,0.9162804766615106,0,0.8474999999999998
0,0.6875308512947267,0,0.6716666666666665
0,0.8806994814714698,0,0.7533333333333333
1,0.14798684344555235,0,0.6116666666666667
1,0.21714689881478866,0,0.5116666666666666
1,0.04341697324355187,0,0.5558333333333333
1,0.22240883707010384,0,0.6633333333333333
0,0.9998107469537525,0,0.795
0,1.0,0,0.78
0,1.0,0,0.78
1,0.23963722764231055,0,0.7675
1,0.4834278605239596,0,0.5591666666666666
0,0.510594813862361,0,0.7916666666666665
0,0.995870814053292,0,0.7175
1,0.004010289040276005,1,0.355
1,0.494389439548203,0,0.73
0,0.9584615633962401,0,0.7216666666666666
0,0.7948524480549805,0,0.6966666666666668
1,0.00016507221130879213,1,0.4066666666666666
0,0.9979948991924021,0,0.8474999999999998
0,0.5014433988223855,0,0.6133333333333334
0,1.0,0,0.8541666666666665
0,0.999678773518028,0,0.8424999999999998
0,0.9999999999982391,0,0.6491666666666666
1,0.44615006580283223,0,0.6216666666666666
1,0.3154272855752984,0,0.7116666666666666
0,0.7743885407115788,0,0.8474999999999998
0,0.9289112509453911,0,0.7608333333333335
0,0.6990111221590833,0,0.705
0,0.7874400551124545,0,0.7733333333333334
0,0.993683115049045,0,0.7525
1,0.07595136369420707,0,0.6466666666666666
0,0.878891976391244,0,0.6741666666666666
0,1.0,0,0.78
1,0.16386310949142413,0,0.5283333333333332
0,0.999519377264396,0,0.6866666666666665
1,0.009039158515161017,1,0.43416666666666665
1,0.4651175709220776,0,0.7516666666666667
1,0.002448283764422743,0,0.5
1,0.18101982820442197,0,0.6325
1,0.47512924278543556,0,0.7616666666666666
0,0.9999999999933572,0,0.7891666666666667
0,0.7745177060717594,0,0.8474999999999998
1,0.0007693120582848989,1,0.3825
0,0.9975103034133462,0,0.7275
0,0.8580157012453348,0,0.725
0,0.8251260066248096,0,0.7866666666666667
0,0.9784768093356676,0,0.6616666666666666
1,0.0003657968288303115,1,0.425
0,0.8930180956689027,0,0.6891666666666666
0,0.8614009893856558,0,0.6316666666666666
1,0.03426097470526146,0,0.5816666666666667
0,0.9999857391790359,0,0.8166666666666665
0,0.8224170194070071,0,0.7175
1,0.000554397797575712,1,0.40583333333333327
0,0.942745469454682,0,0.6333333333333333
0,0.7638205997351355,0,0.8641666666666665
0,1.0,0,0.8541666666666665
0,0.9999779123918513,0,0.7516666666666666
0,0.6467598324824815,0,0.6908333333333333
0,0.9642103984192816,0,0.6391666666666667
0,0.9999943065040856,0,0.7766666666666667
0,0.9970629548990004,0,0.7675
1,0.0009947197658403129,1,0.4025
1,0.04246321994147251,1,0.45083333333333336
0,0.9003283801910207,0,0.7475
1,0.48519420139086133,0,0.7033333333333333
1,0.01966032717089372,1,0.45
0,0.9999837255337922,0,0.6583333333333334
0,0.9162804766615106,0,0.8474999999999998
0,0.928927274884285,0,0.7783333333333333
1,0.0017323527111060555,0,0.625
1,0.1846176921673378,0,0.5841666666666666
1,0.14222825931013483,0,0.505
0,0.9999999978407218,0,0.7191666666666667
1,0.4118764664221911,0,0.6266666666666666
0,1.0,0,0.8541666666666665
1,0.1895271988759566,0,0.6183333333333333
0,0.9066184308593848,0,0.7591666666666668
1,0.0729961175834728,0,0.5624999999999999
0,0.5306331899058959,0,0.7508333333333335
1,0.05369551035680886,1,0.45666666666666667
1,0.0011190606418011173,1,0.38583333333333336
1,0.06806718498025366,0,0.5616666666666668
1,0.021038256195291316,1,0.3558333333333333
0,1.0,0,0.8541666666666665
0,0.5288692986326051,0,0.5791666666666666
0,0.9999915383515057,0,0.7383333333333333
0,0.9704943223108154,0,0.6258333333333332
1,0.10114930650423515,0,0.5525000000000001
0,0.9692701313625035,0,0.7566666666666666
1,0.04158772278414424,0,0.7575
0,0.9135145731406823,0,0.7266666666666666
0,0.9885752836699861,0,0.6983333333333333
0,0.9848909615375413,0,0.7225
0,0.9613633260801567,0,0.7066666666666669
1,0.08138472112653061,0,0.6341666666666668
0,0.9187388383525212,0,0.7141666666666666
0,0.9999939510946594,0,0.7425
0,0.9999999999984599,0,0.7825
0,0.8832258363123432,0,0.6933333333333335
1,0.1808970865231183,0,0.6
1,0.02847636519357044,1,0.465
1,0.10607064237011354,0,0.5116666666666667
0,0.9988837723784074,0,0.7808333333333334
0,0.8249254635466197,0,0.7775
1,0.005285172515874681,1,0.4166666666666666
0,0.9765493455961289,0,0.7833333333333334
1,0.0192524779475175,1,0.4483333333333333
1,0.14062604458215755,0,0.5991666666666666
1,0.4834739024301673,0,0.7683333333333333
0,0.8649349390958552,0,0.7566666666666667
1,0.0002298892339527292,0,0.53
1,0.40308999833355874,0,0.5741666666666666
0,0.9930838444152486,0,0.6258333333333334
1,0.07366692000343888,0,0.5058333333333334
1,0.011762955605855496,0,0.7216666666666667
0,0.9921855655404149,0,0.8374999999999999
0,0.9958106648159265,0,0.8574999999999998
1,0.3336139147478975,0,0.7708333333333335
0,0.9979745948648227,0,0.6875
0,0.9999999780328761,0,0.7758333333333333
0,0.9999626377814305,0,0.7608333333333333
0,0.778942045611725,0,0.7333333333333333
1,0.01245538067287344,0,0.6291666666666667
0,0.9996358875495606,0,0.8341666666666666
0,0.9602474976129219,0,0.6366666666666667
1,0.13528722154182626,0,0.5941666666666666
1,0.01589211881978725,0,0.55
0,0.9569631611321185,0,0.6591666666666667
0,0.9942537119230292,0,0.7924999999999999
1,0.029560185841039366,0,0.5375000000000001
0,0.9345505498727356,0,0.6383333333333333
1,0.11727777200779477,0,0.5658333333333333
0,0.9704925680516444,0,0.6283333333333334
1,0.1513762943875323,0,0.5316666666666666
0,0.7777714077118895,0,0.7483333333333333
0,0.999985596012947,0,0.7766666666666666
1,0.005278934154751225,1,0.4166666666666666
0,0.9882835522157096,0,0.625
0,0.7351110432684846,0,0.7758333333333334
0,0.9999147392333179,0,0.8441666666666666
0,0.9998136336941243,0,0.7033333333333333
0,0.5299726635720068,0,0.6858333333333334
1,0.32102253396826075,0,0.5758333333333333
0,0.9980536474851075,0,0.8075
1,0.0005905807864295953,0,0.7608333333333333
1,0.002816430446107243,1,0.48333333333333345
0,0.9999757624282438,0,0.6708333333333333
1,0.023727723786481802,0,0.6591666666666666
1,0.00024165757249750008,1,0.39583333333333337
0,0.9162804766615106,0,0.8474999999999998
0,0.8292155560133208,0,0.7866666666666667
1,0.1437994489299319,0,0.5016666666666666
0,0.7672515495411232,0,0.7741666666666667
0,1.0,0,0.8441666666666666
0,0.9998866069632625,0,0.7791666666666666
0,0.9249179403046822,0,0.8208333333333333
0,0.9997942460458381,0,0.73
0,0.7731577353027348,0,0.8474999999999998
0,0.8474629274296792,0,0.7875
0,0.6307635013427871,0,0.7125
1,0.16178413342038944,0,0.5933333333333334
1,0.3116316855044028,0,0.505
0,0.9477272709614833,0,0.7724999999999999
1,0.012417076509514291,1,0.47166666666666673
1,0.3041568201743917,0,0.6641666666666666
0,0.6026705449849135,0,0.7941666666666666
1,0.027174788291889462,0,0.5558333333333334
1,0.17381235691716712,0,0.5733333333333333
1,0.09332030121854751,0,0.7175
0,0.7630222125868799,0,0.6891666666666666
0,0.9681032707027994,0,0.6349999999999999
1,0.14050294370526006,0,0.6625
1,0.00029313579048972915,1,0.46833333333333327
0,0.7442161445466665,0,0.7525
0,0.8988099819557125,0,0.7408333333333332
0,0.9554654881793242,0,0.7391666666666667
1,0.011134275612938227,0,0.5833333333333333
0,0.8226806389042359,0,0.7641666666666667
0,0.9821837307006188,0,0.7625
1,0.455222655697217,0,0.7675
0,0.9999999508727145,0,0.8
1,0.000192942165037846,1,0.37333333333333335
1,0.1293401365580974,0,0.8233333333333333
1,0.13534886979588,1,0.48
0,0.898906453616985,0,0.6391666666666667
0,0.9892043479686672,0,0.6891666666666666
0,0.9637369638243204,0,0.6525
0,0.6771565956943589,0,0.6166666666666667
0,0.9885056253185938,0,0.8041666666666667
1,0.06544612292089513,0,0.6908333333333334
1,0.1789652892415461,0,0.645
0,1.0,0,0.8541666666666665
0,0.9980534888759486,0,0.7925
0,0.7759469353218408,0,0.8075
0,0.9614491851651006,0,0.6741666666666666
0,0.99116049662057,0,0.6958333333333334
0,0.9246915796267596,0,0.5775000000000001
0,0.8216510421498117,0,0.785
0,0.9099989128652696,0,0.7549999999999999
1,0.010982008908182794,0,0.6508333333333334
0,0.978520689903428,0,0.6658333333333333
1,0.0016296478451082175,1,0.3675
0,0.999719509545573,0,0.8149999999999998
0,0.9515560962023711,0,0.81
1,0.4323004174108963,0,0.5366666666666666
0,1.0,0,0.8541666666666665
0,0.9926056757586919,0,0.7933333333333334
0,0.6356651385716311,0,0.6416666666666666
0,1.0,0,0.7841666666666666
1,0.12956091031868222,0,0.7208333333333333
1,0.4096485493795794,0,0.6224999999999999
1,0.2698319456532534,0,0.6133333333333334
1,0.026212644181188627,0,0.5625
1,0.23921683387330206,0,0.64
1,0.0003961007750551415,1,0.4683333333333334
0,0.8149426605931859,0,0.675
0,0.9901604461424055,0,0.775
0,0.980947695235447,0,0.7933333333333334
1,0.06942492704495773,0,0.5933333333333334
0,0.9997446717451683,0,0.8674999999999998
1,0.13573622224799464,0,0.6
1,0.18569679608254763,0,0.6958333333333334
0,0.6677058061123513,0,0.6933333333333332
1,0.013876522752395815,1,0.495
0,0.9991417778765056,0,0.7208333333333334
0,0.5816099985669682,0,0.6183333333333333
0,1.0,0,0.8541666666666665
1,0.18635333200337956,1,0.48916666666666664
0,0.9997963669176818,0,0.7166666666666667
0,0.9651159266369037,0,0.7258333333333334
0,0.6951789104931404,0,0.7016666666666665
0,0.9999428336665,0,0.8058333333333334
0,0.7747758795014731,0,0.8474999999999998
0,0.9464274307794717,0,0.7333333333333333
1,0.025936977587590948,1,0.4816666666666667
1,0.0026313653663759817,1,0.4433333333333333
1,0.005224123607691311,1,0.4541666666666667
0,0.7745177060717594,0,0.8474999999999998
0,0.9999999568365194,0,0.6941666666666667
1,0.4868118267166517,0,0.675
0,0.9994069502083013,0,0.7516666666666666
1,0.0003038080173066726,1,0.45833333333333337
0,0.7633612095289274,0,0.7858333333333334
0,0.8203804228521979,0,0.75
1,0.0007656514597690345,0,0.5233333333333333
0,0.9799630362827846,0,0.8091666666666666
0,0.9143700436472602,0,0.7858333333333333
0,0.9818191147080884,0,0.7625
0,1.0,0,0.8541666666666665
0,0.7060583536983479,0,0.5475
0,0.8144633575826113,0,0.6591666666666666
1,0.12573161195030025,1,0.455
0,0.7745177060717594,0,0.8474999999999998
0,0.9999942335384797,0,0.6958333333333333
0,0.9999999999999345,0,0.7799999999999998
0,1.0,0,0.7775
0,0.9999999978644325,0,0.8741666666666665
1,0.4230260447770524,0,0.5333333333333333
0,0.8020508610836699,0,0.5583333333333333
0,0.97800431858777,0,0.7308333333333333
0,0.5219395614004899,0,0.6616666666666666
0,0.7609657943480601,0,0.7975
0,0.9464071297627007,0,0.7658333333333333
1,0.019673926356616134,1,0.4975
0,0.7735879038766085,0,0.8474999999999998
0,0.8478951616795596,0,0.8008333333333333
0,0.9517169464936966,0,0.6958333333333334
0,0.8312668472894758,0,0.6333333333333333
0,0.9162804766615106,0,0.8474999999999998
1,0.4239774974898315,0,0.7016666666666667
0,0.9980592084767602,0,0.6683333333333333
0,0.7763197031984805,0,0.7808333333333334
0,0.7374392384720267,0,0.7841666666666666
1,0.3169220839448049,0,0.6083333333333334
1,0.07194182801715032,0,0.5275
0,0.8239314893661243,0,0.6908333333333333
0,0.9999925645764781,0,0.7675
1,0.1142000424897125,0,0.6916666666666665
0,0.999984113500624,0,0.8474999999999998
0,0.9999999912350193,0,0.6833333333333335
0,0.9823934869441889,0,0.67
1,0.011212181678850408,1,0.4825
0,0.9442382796582212,0,0.73
1,0.3841753558523584,0,0.6116666666666667
0,0.9999771522732854,0,0.77
1,0.4383420631885556,0,0.6933333333333335
1,0.013705278458282177,1,0.4116666666666666
0,0.9999991812765495,0,0.8299999999999998
0,0.743601575937342,0,0.7366666666666667
0,0.9994233652284068,0,0.6608333333333334
0,0.9971465019224471,0,0.7925
1,0.43849363681414355,0,0.5816666666666667
1,0.15560373909698288,0,0.6516666666666666
0,0.9962547706146858,0,0.8291666666666666
0,0.7864241209442364,0,0.7041666666666666
0,0.6404659027986634,0,0.6716666666666665
0,0.9999994870360709,0,0.7641666666666665
0,0.9999999991762505,0,0.6558333333333334
0,0.9244489277960293,0,0.7616666666666666
1,0.37250239921043693,0,0.6783333333333332
0,0.7250106970408666,0,0.7941666666666666
0,0.9921009210758452,0,0.7725
0,0.7266449573137816,0,0.6991666666666666
0,0.9939400182999791,0,0.6975
1,0.00019360111345589903,0,0.6058333333333333
1,0.009743549683907116,1,0.47
1,0.02424563722800055,1,0.4716666666666666
0,0.7726043209328016,0,0.8474999999999998
0,0.892618371355568,0,0.7008333333333334
1,0.1609407276860363,0,0.5075
1,0.16115740221656716,1,0.4941666666666667
1,0.01048752549008436,0,0.5166666666666666
0,0.523699725668886,0,0.7758333333333334
1,0.44332726900164643,0,0.6
0,0.8841440647945763,0,0.8008333333333334
0,0.7685870720675543,0,0.7975
0,0.9999955329810442,0,0.6283333333333334
1,0.03012421888511807,0,0.6175
1,0.29603463052987,0,0.6841666666666666
0,0.8422623614491996,0,0.7241666666666666
0,1.0,0,0.8374999999999999
0,1.0,0,0.7283333333333334
0,1.0,0,0.8541666666666665
1,0.23712049812327518,0,0.5266666666666667
0,0.9996234027259878,0,0.6808333333333334
0,0.9849856226014173,0,0.8125
0,0.8073046659457828,0,0.7241666666666666
0,0.9999999220750379,0,0.74
0,0.999949581700774,0,0.7291666666666665
0,0.786786386272074,0,0.6183333333333333
1,0.16406115988923087,0,0.5558333333333334
0,0.9844775462623566,0,0.7516666666666667
1,0.018289740986643932,0,0.6475
0,0.8039032671983347,0,0.7758333333333334
0,0.6601642688150404,0,0.6091666666666666
0,0.6333659302402617,0,0.7491666666666668
1,0.2648218807993096,0,0.6241666666666666
1,0.011130273670985624,0,0.5833333333333333
0,0.9949136467523376,0,0.62
0,0.9165049351850827,0,0.8341666666666666
0,0.999999488387914,0,0.7991666666666667
0,0.999999999990367,0,0.6816666666666668
0,0.8003820245704918,0,0.7908333333333333
0,0.7195691107392714,0,0.645
0,0.9996581549167228,0,0.7383333333333333
1,0.49022801000422156,0,0.5574999999999999
0,1.0,0,0.8541666666666665
0,0.995995185127186,0,0.8141666666666667
0,0.7814983226237003,0,0.7141666666666666
1,0.2162010437611922,0,0.5358333333333333
0,0.8832258363123432,0,0.6933333333333335
0,0.7694192449829368,0,0.8474999999999998
0,0.9999583233133637,0,0.7241666666666666
0,0.9999998703307822,0,0.7333333333333333
0,0.9999988786919718,0,0.7408333333333332
0,0.9784033655403042,0,0.7858333333333334
1,0.1381862861593276,0,0.6775
0,0.957447922915883,0,0.7133333333333334
1,0.3019940567339261,0,0.5258333333333334
0,0.9937931916984732,0,0.7583333333333334
0,0.6642983150754749,0,0.74
1,0.10327911366279707,1,0.4708333333333334
0,1.0,0,0.8374999999999999
0,0.9469209257942263,0,0.6375
1,0.000258248625180757,1,0.3925
0,0.8677774308729167,0,0.6708333333333334
0,0.9211251383837188,0,0.7558333333333335
0,0.9996452055571409,0,0.8241666666666666
0,0.9999998765893824,0,0.7841666666666667
0,0.9999999998530874,0,0.8474999999999998
1,0.049358886631925336,1,0.43083333333333335
0,1.0,0,0.78
1,0.2586530787436232,0,0.7433333333333334
1,0.0007337614406640602,1,0.39583333333333337
1,0.005989264200152222,1,0.49083333333333334
0,0.9999948117034333,0,0.7133333333333334
0,0.5899511482551533,0,0.6866666666666665
0,0.7499575604115921,0,0.7283333333333334
0,0.9707696761515208,0,0.7908333333333333
1,0.024073721938085546,0,0.6825
0,0.9661293175825545,0,0.6775
1,0.00017839653406703793,1,0.3725
0,0.8763050574966391,0,0.7366666666666667
1,0.0447277158946765,0,0.5775
0,0.9691154034429607,0,0.7166666666666666
0,1.0,0,0.8541666666666665
1,0.3867986827329706,0,0.6816666666666665
1,0.018339128909716784,0,0.6108333333333333
1,0.39338718784351,0,0.735
0,0.9865785035300055,0,0.7275
0,0.7133598961669265,0,0.7766666666666667
1,0.04813854781466187,0,0.6408333333333333
0,0.9999933393857968,0,0.7433333333333334
0,0.7527772538427215,0,0.6891666666666666
0,0.9998045085539745,0,0.785
1,0.01918144044227854,1,0.4825
1,0.00477343749894521,1,0.415
0,1.0,0,0.8541666666666665
0,0.9986792939337858,0,0.835
0,0.9484968258375498,0,0.8208333333333333
0,0.8581805358706693,0,0.6025
1,0.019096057916830556,1,0.34166666666666673
1,0.059533524555361206,0,0.5066666666666667
0,0.9999570804503666,0,0.8508333333333333
1,0.05146816644915231,1,0.48333333333333345
0,0.9999999997219625,0,0.8474999999999998
0,0.7743885407115788,0,0.8474999999999998
0,0.9999999999999407,0,0.6991666666666667
1,0.07916607796732034,0,0.5191666666666667
1,0.14608626060895247,0,0.6366666666666666
1,0.07630623413370996,0,0.5616666666666666
1,0.018289740986643932,0,0.6475
1,0.31435942002235506,0,0.5608333333333334
0,1.0,0,0.8541666666666665
1,0.10762815445629836,0,0.5616666666666666
1,0.01980172712419903,0,0.5008333333333334
0,0.9772982920871618,0,0.7166666666666666
0,0.960467252165434,0,0.68
1,0.3394492969370506,0,0.6691666666666666
0,0.9950234807461942,0,0.7183333333333333
1,0.035954580727465046,0,0.5016666666666667
0,0.9999999999230027,0,0.7308333333333334
0,0.7554476055268252,0,0.7433333333333333
1,0.014735046784477235,0,0.5
0,0.9999996272644056,0,0.7308333333333334
1,0.25051858428469753,0,0.6116666666666666
1,0.050999064604967725,0,0.5158333333333334
0,0.9999999999151015,0,0.6841666666666666
0,0.9999993744638127,0,0.7891666666666667
0,0.9999999999999992,0,0.7841666666666666
0,0.9872512043211306,0,0.785
1,0.06352146638220069,0,0.5616666666666668
0,0.7703463374099355,0,0.6766666666666665
0,0.6109516198981547,0,0.7691666666666667
0,1.0,0,0.8541666666666665
1,0.0038833785464484905,1,0.40583333333333327
1,0.304931610187568,0,0.6291666666666667
0,0.7681026561027335,0,0.6558333333333334
0,0.9999999999999936,0,0.7533333333333334
0,0.6384967568818374,0,0.6575
0,0.8200108786432325,0,0.7825
1,0.38489725711688594,0,0.5658333333333333
0,0.8265506960947554,0,0.6991666666666667
0,1.0,0,0.8541666666666665
0,0.9861337076709764,0,0.6516666666666666
0,0.6616425339502883,0,0.7941666666666666
0,0.9999978895997697,0,0.6608333333333334
0,0.9999612440464412,0,0.8574999999999998
1,0.010309565402392473,0,0.7533333333333334
0,0.9912178116150501,0,0.6541666666666667
0,0.9997866922348847,0,0.6475
0,0.9993230135021633,0,0.7091666666666667
1,0.24046035364561158,0,0.5366666666666667
0,0.8399636171498347,0,0.6108333333333333
1,0.073019013988323,0,0.5466666666666665
0,0.7798073281232553,0,0.595
0,0.8787968116878835,0,0.6866666666666665
1,0.022902576298853727,1,0.4825
1,0.009621182263945482,1,0.3725
1,0.00528665981709453,1,0.4166666666666666
0,0.98495208044436,0,0.7316666666666666
0,0.804822912369301,0,0.7316666666666667
1,0.032700773172313236,0,0.5599999999999999
1,0.000696184092357166,1,0.39833333333333326
0,0.7586945423552223,0,0.7441666666666665
0,0.9482383913929398,0,0.7141666666666667
0,0.9999981038544155,0,0.785
1,0.029590967076645547,0,0.5375000000000001
1,0.12368407027835326,0,0.5508333333333333
0,0.8123111424661134,0,0.81
0,0.9999623124361245,0,0.6883333333333335
1,0.09351194736154644,0,0.7175
0,0.9037248753686911,0,0.7691666666666667
1,0.002832046653291065,1,0.4725
0,0.9975889690686844,0,0.6875
0,0.9965464896147128,0,0.7758333333333334
1,0.20148440169118353,0,0.6358333333333334
0,0.506853229533907,0,0.6591666666666666
1,0.0004970697393300583,0,0.5941666666666666
0,0.9999999999999989,0,0.7691666666666667
1,0.23620911058142424,0,0.7616666666666666
1,0.10557642475225315,0,0.5616666666666668
0,0.5457435192692204,0,0.5483333333333333
1,0.2817334006418326,0,0.5716666666666667
1,0.028046521831724514,1,0.47166666666666673
0,0.9290304860874721,0,0.6541666666666666
1,0.37894574098291023,0,0.62
0,0.9999999934399613,0,0.7625
0,0.9982254842817109,0,0.7408333333333332
1,0.09935199160883013,0,0.56
1,0.00024196222992445282,1,0.39583333333333337
1,0.11434356294754155,0,0.6041666666666666
1,0.00024165757249750008,1,0.39583333333333337
1,0.026113038207453032,1,0.47583333333333333
0,0.7743885407115788,0,0.8474999999999998
1,0.007398619320295841,1,0.43416666666666665
0,0.9999995902178556,0,0.8399999999999999
1,0.4779685514872347,0,0.7908333333333334
1,0.43186564184050846,0,0.59
0,1.0,0,0.8541666666666665
1,0.4304760922897465,0,0.7108333333333334
0,0.9948004673895768,0,0.6308333333333334
0,0.9286624214351449,0,0.6375
1,0.4316871740259888,0,0.5883333333333333
1,0.13177810731874773,0,0.6116666666666667
0,0.9473317361760614,0,0.7716666666666667
0,0.7731577353027348,0,0.8474999999999998
0,0.7745177060717594,0,0.8474999999999998
1,0.3795176169464911,0,0.7666666666666666
1,0.031499079231959604,1,0.4650000000000001
1,0.019109930025022925,0,0.6508333333333334
0,0.9983537055366064,0,0.8341666666666666
0,0.983529465268292,0,0.7416666666666667
0,0.6082316007860411,0,0.6083333333333333
1,0.17850149187701403,0,0.5516666666666666
0,0.9994477086350837,0,0.6725
1,0.06848434095911926,0,0.5616666666666668
1,0.39101201399189334,0,0.5683333333333332
1,0.00024165757249750008,1,0.39583333333333337
0,0.623008047159304,0,0.6941666666666667
1,0.01956967351925376,1,0.3766666666666667
0,0.9715934392450134,0,0.8541666666666665
0,0.9807588887690954,0,0.7025
0,0.9997828358745708,0,0.6858333333333333
1,0.05148023522546008,1,0.4233333333333333
0,0.8525040426531488,0,0.7191666666666667
1,0.03589905231070312,1,0.4183333333333333
0,0.772752772151748,0,0.8474999999999998
0,0.9999993892401249,0,0.8574999999999998
0,0.7682830970602615,0,0.7225
0,0.7735441801816726,0,0.8374999999999999
1,0.4110021590940839,0,0.6333333333333333
1,0.04621960979740469,1,0.4275
0,0.9999998843963971,0,0.75
0,0.8519740147597827,0,0.74
1,0.274699541610702,0,0.7441666666666665
1,0.23144519974692246,1,0.43916666666666665
1,0.005953300803860251,1,0.36916666666666664
0,0.8729335412826809,0,0.7675
1,0.4926373502190341,0,0.7958333333333334
1,0.4360349970154226,0,0.6758333333333333
1,0.01840862247742603,0,0.5175
0,0.9960352941853389,0,0.7475
1,0.07636043660323988,0,0.6641666666666666
1,0.2276168384564783,0,0.6249999999999999
0,0.9999460782522798,0,0.7833333333333333
0,0.9999999998081874,0,0.7608333333333333
1,0.0027594125249957857,1,0.4725
1,0.00793043906237878,1,0.42
1,0.21072840576475527,0,0.61
0,0.9756951098945345,0,0.7233333333333333
1,0.006229867408310663,1,0.3733333333333333
1,0.31740846943689616,0,0.7191666666666666
1,0.2597253170885935,0,0.7233333333333333
1,0.07883748069243768,0,0.6833333333333332
0,0.9900556527575842,0,0.7583333333333334
0,0.9999999565574883,0,0.7316666666666666
1,0.16272410124813796,0,0.5783333333333333
0,0.9995232409786755,0,0.725
0,0.5127455187493373,0,0.8075
1,0.009575650262210855,0,0.7366666666666666
0,0.9162804766615106,0,0.8474999999999998
1,0.036463210082037345,0,0.5791666666666667
1,0.24232392480103804,1,0.4333333333333333
0,0.8455120937620441,0,0.6391666666666667
0,0.7616766985618871,0,0.6733333333333333
1,0.009563808572546795,1,0.47
1,0.44941738472709725,0,0.6458333333333333
0,0.7741300527175392,0,0.8474999999999998
0,0.6615265268053456,0,0.61
1,0.005865023084795307,1,0.45333333333333337
0,0.9965057198745876,0,0.7391666666666667
1,0.007276029978389831,0,0.5016666666666666
1,0.022066396425522883,0,0.5499999999999999
1,0.0005209346560711703,1,0.3691666666666667
1,0.000569244514193934,0,0.7458333333333335
0,0.7745177060717594,0,0.8474999999999998
1,0.4553124290557852,0,0.5216666666666666
1,0.04980110948529004,1,0.4733333333333334
1,0.2789673730776745,0,0.7508333333333335
1,0.10411221000238235,0,0.5975
1,0.0008425302504576626,1,0.4441666666666667
1,0.23375938157200438,0,0.6050000000000001
1,0.23816116835511525,0,0.69
0,0.761661081182134,0,0.8075
1,0.18877930043844526,0,0.5033333333333334
0,0.8269654335828497,0,0.7758333333333334
0,0.823645515880151,0,0.7508333333333335
1,0.1994451620084181,0,0.5599999999999999
0,0.9858364379229246,0,0.7216666666666666
0,0.774646819002845,0,0.8474999999999998
1,0.3359219826020946,0,0.69
0,0.9989771454034049,0,0.6525
1,0.004015810956762289,0,0.6233333333333334
0,0.8045847293851032,0,0.6458333333333333
0,0.9604955837181053,0,0.6475
0,1.0,0,0.8541666666666665
1,0.2078968122893894,0,0.5033333333333334
1,0.18770066813046327,0,0.57
0,0.6375714560831933,0,0.6349999999999999
0,1.0,0,0.8141666666666666
1,0.14208859817145847,0,0.5716666666666667
1,0.05702766925509162,0,0.5891666666666666
1,0.38346344422046263,0,0.6116666666666667
0,0.7879187312022341,0,0.8141666666666666
0,0.996297577444152,0,0.7641666666666665
1,0.2717832070711951,0,0.74
0,0.9999973524545118,0,0.6591666666666666
0,0.999925609571902,0,0.72
1,0.048378115431827684,1,0.4925
1,0.3280268396761641,0,0.5966666666666666
0,0.9948243648484567,0,0.7125
0,0.9999999999988846,0,0.8174999999999999
0,0.9994238570233378,0,0.8041666666666667
1,0.00020541700710186017,1,0.39583333333333326
1,0.1797121919082798,0,0.6566666666666666
0,0.7599787450804492,0,0.675
1,0.01945772748614072,0,0.5408333333333333
1,0.1316060856979051,0,0.6216666666666666
0,0.9804620022257393,0,0.7333333333333334
0,0.7748769402949315,0,0.6083333333333333
0,0.5546939195602361,0,0.6616666666666666
0,0.8921845053767323,0,0.7058333333333333
1,2.0293873109755722e-06,1,0.39333333333333337
0,0.9947376067449597,0,0.7325000000000002
1,0.3571084842091028,0,0.6199999999999999
0,0.9717612695226394,0,0.6591666666666666
1,0.11255860039356014,0,0.5158333333333333
1,0.3052368274061673,0,0.6291666666666667
0,0.7918669652377962,0,0.7758333333333334
0,0.7798073281232553,0,0.595
0,0.9999999999857206,0,0.8041666666666666
0,0.9999993850961972,0,0.73
0,0.9900709340018365,0,0.7741666666666666
1,0.49229972126822985,0,0.805
0,0.8062651542168666,0,0.7658333333333333
1,0.2984018463495537,0,0.5599999999999999
0,0.9162804766615106,0,0.8474999999999998
1,0.1097745187879734,0,0.685
0,0.9772598868916385,0,0.7775
0,0.9999999953200258,0,0.6133333333333334
1,0.05798804175386951,1,0.4375
1,0.3084131754508902,0,0.6441666666666666
1,0.0010218468212384035,1,0.43333333333333335
0,0.9999999734480642,0,0.72
1,0.09622952608573965,0,0.7016666666666667
1,0.18561476345211736,0,0.5908333333333333
1,0.06827541224332134,0,0.5966666666666667
1,0.0037161450327359846,1,0.45583333333333337
0,0.999036722367521,0,0.6208333333333332
0,0.9999999999891589,0,0.73
0,0.9999999999926289,0,0.7766666666666666
0,0.8409626134061068,0,0.655
0,0.999990838624805,0,0.8175
0,0.9999951507598799,0,0.78
0,0.754022724908493,0,0.7775
0,0.9402530159065164,0,0.7775
1,0.0014891367973394187,0,0.5625
0,0.971747617081425,0,0.7575
0,0.7508820035569417,0,0.6958333333333333
0,0.9995009092319855,0,0.6441666666666667
1,0.11848316223151678,0,0.5766666666666667
0,1.0,0,0.8541666666666665
0,0.9509988069719864,0,0.6808333333333334
0,0.9989308356290943,0,0.7425
0,0.9999959028294774,0,0.8208333333333333
0,0.9433722717809773,0,0.7558333333333332
1,0.018956029921377127,1,0.4825
1,0.18776019131665245,1,0.4633333333333334
0,0.9305805763678776,0,0.7158333333333333
0,0.9992092872491873,0,0.765
1,0.02736724020328063,0,0.5016666666666666
0,0.9999999999434434,0,0.7816666666666666
1,0.021122101180373165,1,0.4975
0,0.8936180493993072,0,0.6891666666666666
1,0.015069588122629263,1,0.4025
1,0.06502787388018771,1,0.4458333333333333
1,0.01749163256708497,1,0.44666666666666666
0,0.9432503813185058,0,0.8
1,0.41871223539612035,0,0.7275
0,0.9999999999999999,0,0.7775
1,0.0815048109565959,0,0.5716666666666667
0,0.8875551793528476,0,0.6708333333333333
1,0.009154936372483546,0,0.6458333333333333
1,0.012034946066474372,0,0.5141666666666667
1,0.013002948280782967,1,0.4850000000000001
0,1.0,0,0.8541666666666665
0,0.9346870792876985,0,0.8441666666666666
0,0.9999998842215261,0,0.8408333333333331
0,0.9999377303477814,0,0.7058333333333333
1,0.018407479004258653,0,0.5591666666666667
0,0.9796342880640179,0,0.7941666666666666
1,0.13668560432230037,0,0.5008333333333332
0,0.9505760917208754,0,0.6791666666666666
0,0.9877641899488168,0,0.7274999999999998
1,0.15075733590639695,0,0.7141666666666666
0,0.9995895288721129,0,0.6716666666666665
1,0.0691004219735778,0,0.5383333333333333
1,0.21511418389697035,0,0.5925
1,0.09148319464008059,0,0.6858333333333334
0,0.9965612819381884,0,0.805
1,0.12451784176380598,0,0.7108333333333334
0,0.8956487829184043,0,0.6291666666666668
1,0.053484548786002284,1,0.47833333333333333
1,0.01812837791567412,0,0.5633333333333334
0,0.9999999999999999,0,0.7508333333333335
0,0.993240794447325,0,0.8374999999999999
1,0.08662191610348269,1,0.4183333333333333
1,0.12220731319180922,0,0.54
1,0.005249459826770608,0,0.5466666666666667
0,0.9999804021759033,0,0.8441666666666666
0,0.9999999999999886,0,0.765
0,0.9999999982628381,0,0.7766666666666666
0,0.9873609989646558,0,0.735
0,0.9886161627771358,0,0.6941666666666666
0,0.9234276344571977,0,0.7366666666666667
0,0.9691310355223458,0,0.7558333333333332
1,0.028915614475948037,1,0.4816666666666667
0,0.9999999999999495,0,0.7675
1,0.0007808218993494709,1,0.3883333333333333
0,0.9999819653901416,0,0.7458333333333332
0,0.999999931627628,0,0.7250000000000001
1,0.3718313212086076,0,0.5974999999999999
0,0.99997725496415,0,0.7275
0,0.9997497921992958,0,0.8341666666666666
0,0.5555560993733085,0,0.7675
0,0.9604955837181053,0,0.6475
0,0.9984497223400735,0,0.8575
1,0.032323536992642676,0,0.5791666666666666
1,0.029590967076645547,0,0.5375000000000001
0,0.9835374920431185,0,0.7666666666666666
0,0.8948523887134485,0,0.6833333333333335
1,0.2153205580745826,0,0.5933333333333333
0,0.9999998345933159,0,0.7091666666666668
0,0.9973787216116123,0,0.8341666666666666
0,0.9119161884774313,0,0.7708333333333335
1,0.13223572918464133,0,0.805
0,0.7845242828911815,0,0.8058333333333334
0,1.0,0,0.8541666666666665
1,7.346802648910966e-06,0,0.5791666666666666
0,0.6627293301548831,0,0.6616666666666666
1,0.0002546355045318638,1,0.44166666666666665
0,0.7741300527175392,0,0.8474999999999998
1,0.4833390287224444,0,0.5574999999999999
1,0.061531301670891714,0,0.59
1,0.1527333586972739,0,0.5524999999999999
0,0.9999889948399053,0,0.705
1,0.005916931792631974,1,0.4791666666666666
0,0.9770280983297599,0,0.6883333333333335
0,0.9999999611553284,0,0.8233333333333333
1,0.0015514115709145404,1,0.39916666666666667
0,0.9997873372131034,0,0.755
0,0.8111638498965835,0,0.7725
1,0.14447298600700087,0,0.5941666666666667
0,0.6440375848162847,0,0.7083333333333333
0,0.9733352579615817,0,0.6775
0,0.9999999986466934,0,0.8408333333333333
0,0.9655659458232885,0,0.8075
0,0.9926264025753869,0,0.7058333333333334
0,0.9999948791517144,0,0.7466666666666666
1,0.17319346431561744,0,0.6608333333333334
0,0.9999953072649871,0,0.8574999999999998
0,0.997309612189584,0,0.7591666666666668
1,0.0001336291820097646,1,0.39583333333333326
1,3.558337647013854e-05,1,0.49333333333333335
1,0.1459391459509134,1,0.4825
0,0.9593295574284081,0,0.8141666666666666
0,0.9979098088043188,0,0.8341666666666666
0,0.999969329313691,0,0.7449999999999999
0,0.999999984193483,0,0.745
0,0.7953254306468307,0,0.8374999999999999
1,0.22446030663281769,1,0.48
1,0.2875518369066148,0,0.655
0,1.0,0,0.8541666666666665
1,0.09312083224043555,0,0.6533333333333333
1,0.0137805080164084,1,0.3625
1,0.005865023084795307,1,0.45333333333333337
1,0.035143288511142345,1,0.4816666666666667
0,0.8041560467708875,0,0.7491666666666665
0,1.0,0,0.8541666666666665
0,0.99999680722835,0,0.7208333333333334
0,0.9722226057315553,0,0.705
0,0.5670816643137071,0,0.7316666666666666
1,0.06721030624055102,0,0.5183333333333332
0,0.9262686940840532,0,0.8066666666666665
0,0.9292542460236866,0,0.645
0,0.9954301013378954,0,0.6375
1,0.015945509121141455,0,0.545
0,0.9998992495261296,0,0.78
0,0.7535143680262848,0,0.6958333333333333
0,0.8700416314037223,0,0.71
0,0.7187761970436379,0,0.7408333333333332
1,0.22437638923536118,0,0.65
0,1.0,0,0.8541666666666665
0,0.9999956654934878,0,0.67
0,0.8437441554653022,0,0.63
1,0.22415338157992581,0,0.7225
1,0.001407071599610843,0,0.51
1,0.3695942651199531,0,0.66
1,0.15075733590639695,0,0.7141666666666666
0,0.774409596942137,0,0.8025
0,0.9469857480126431,0,0.65
0,0.690499993808667,0,0.7491666666666665
0,0.7703652895873719,0,0.8308333333333333
1,0.22389475013102356,1,0.48
0,0.9948079532016635,0,0.6533333333333334
0,0.9997358771189917,0,0.7091666666666666
0,0.846241252795901,0,0.6391666666666667
0,0.8624726886504122,0,0.7816666666666667
1,0.01872983596736777,1,0.39666666666666667
0,0.8090676356003881,0,0.8299999999999998
1,0.06702089364936081,0,0.59
1,0.12718545771510648,0,0.57
0,0.9849788231276382,0,0.7491666666666665
1,0.11790528964273994,0,0.6075
1,0.4262243238159005,0,0.5716666666666667
0,0.996078148542016,0,0.7125
1,0.14949573542248962,0,0.6833333333333335
0,1.0,0,0.78
1,0.18877930043844526,0,0.5033333333333334
1,0.32102253396826075,0,0.5758333333333333
1,0.28306891114911215,0,0.6658333333333333
0,0.9979374941650812,0,0.8175
1,0.37215294246086994,0,0.5033333333333334
0,0.7745626651504395,0,0.7066666666666666
1,0.19028565588697255,0,0.6425
0,0.9999999220844136,0,0.7599999999999999
1,0.004935787554501414,0,0.5025
0,1.0,0,0.8574999999999998
1,0.3141362056771395,0,0.7208333333333333
1,0.30543331300950305,0,0.6666666666666665
0,0.7165450842522972,0,0.7458333333333335
0,0.534813471437493,0,0.7625
1,0.024739211068294353,0,0.6033333333333333
0,0.9999999946743212,0,0.7508333333333335
0,0.7627704810593513,0,0.7408333333333332
1,0.11380152362206519,0,0.6041666666666666
0,1.0,0,0.8541666666666665
1,0.18034459594269892,0,0.7191666666666666
